,,,,,"Renters Renters Renters
Fire EQ % w/ EQ"
"STATEWIDE 6 ,714,689 9 29,213 14% 1,526,338 1 40,525 9% 1,055,817 1 34,100 13% 287,616 59,469 21% 2,992,537 3 77,654 13%",,,,,
,"271,034 32,157 12%","62,720 3,687 6%
6 4 3 5%
1,836 57 3%
10,099 272 3%
2,420 60 2%","56,066 3,238 6%","3,895 626 16%
7 - 0%
1,278 132 10%
7,097 821 12%
1,608 137 9%","141,315 16,064 11%"
,729 74 10%,,313 15 5%,,2 9 4 15%
,"14,721 714 5%",,6 8 3 4%,,"1,572 159 10%"
,"42,021 2,405 6%",,993 43 4%,,"16,377 1,604 10%"
,"24,430 862 4%",,399 20 5%,,"1,487 161 11%"
,"3,908 108 3%","740 22 3%
44,203 1,681 4%
1,191 73 6%
8,179 342 4%
39,246 1,086 3%",1 2 3 27%,"265 32 12%
3,247 666 20%
1,479 270 18%
3,528 403 11%
4,768 704 15%",511 43 8%
,"242,360 20,439 8%",,"41,199 2,341 6%",,"71,881 6,700 9%"
,"4,667 442 9%",,2 - 0%,,966 95 10%
,"71,264 3,842 5%",,"1,962 77 4%",,"8,762 1,245 14%"
,"174,700 7,615 4%",,"5,190 166 3%",,"44,080 3,160 7%"
,"5,009 113 2%","978 10 1%
10,041 521 5%
4,898 46 1%
838 133 16%
42,435 4,013 9%",1 - 0%,"540 35 6%
2,442 466 19%
1,980 291 15%
1,505 519 35%
10,713 2,484 23%","1,158 64 6%"
,"27,768 2,471 9%",,195 15 8%,,"7,489 1,029 14%"
,"24,813 261 1%",,489 9 2%,,"3,728 265 7%"
,"3,636 1,039 29%",,5 8 6 11%,,902 134 15%
,"164,669 24,362 15%",,"3,070 367 12%",,"34,369 3,740 11%"
,"23,809 1,559 7%","5,509 271 5%
3,468 209 6%
1,557 76 5%
379,023 46,686 12%
5,936 155 3%",7 9 4 5%,"561 96 17%
4,965 738 15%
1,298 160 12%
22,656 7,138 32%
1,524 203 13%","5,081 1,777 35%"
,"16,797 1,591 9%",,126 9 7%,,"2,458 261 11%"
,"7,953 587 7%",,2 8 3 13%,,"1,084 119 11%"
,"1 ,334,425 2 60,861 20%",,"251,015 43,126 17%",,"777,735 1 00,971 13%"
,"33,165 1,454 4%",,202 8 4%,,"3,102 264 9%"
,"57,863 11,718 20%","9,307 1,207 13%
1,007 39 4%
5,326 213 4%
14,061 372 3%
370 10 3%","11,161 1,217 11%","913 236 26%
1,049 107 10%
2,904 388 13%
1,701 224 13%
598 52 9%","21,876 3,508 16%"
,"5,217 278 5%
18,778 1,545 8%
46,502 1,980 4%
1,542 60 4%",,"4 5 - 0%
116 12 10%
262 9 3%
- - #DIV/0!",,"567 92 16%
3,622 391 11%
9,812 722 7%
228 26 12%"
,"3,993 1,229 31%
66,808 9,005 13%
29,077 2,635 9%
44,419 2,264 5%
477,964 1 05,321 22%","552 109 20%
18,589 1,734 9%
7,041 349 5%
6,037 196 3%
93,894 13,623 15%","5,354 1,257 23%
5,483 715 13%
2,519 220 9%
2,378 121 5%
166,157 22,966 14%","322 89 28%
2,220 470 21%
2,635 575 22%
2,206 209 9%
16,405 4,246 26%","835 202 24%
28,796 5,260 18%
10,174 1,217 12%
5,274 885 17%
311,713 29,788 10%"
,"121,157 6,251 5%
7,302 520 7%
489,990 47,136 10%
327,170 15,579 5%
14,489 1,288 9%","16,991 620 4%
1,152 28 2%
86,276 5,451 6%
69,465 2,012 3%
2,335 144 6%","6,286 294 5%
343 23 7%
53,495 8,025 15%
19,181 725 4%
433 31 7%","2,958 381 13%
1,031 105 10%
45,014 6,714 15%
7,908 1,370 17%
290 57 20%","28,656 4,121 14%
715 105 15%
122,854 11,632 9%
112,553 11,823 11%
2,459 188 8%"
,"422,627 29,656 7%
521,121 1 37,134 26%
89,788 13,106 15%
146,534 7,178 5%
64,097 18,417 29%","87,178 4,743 5%
114,537 22,090 19%
24,711 2,431 10%
35,169 984 3%
17,039 3,541 21%","24,696 1,094 4%
160,867 26,613 17%
52,249 5,003 10%
3,815 119 3%
5,766 841 15%","20,914 3,324 16%
27,016 9,198 34%
4 1 28%
3,434 646 19%
7,754 2,473 32%","117,765 12,172 10%
372,100 74,552 20%
123,377 21,087 17%
37,431 2,588 7%
25,651 3,400 13%"
,"131,659 18,860 14%
68,298 12,519 18%
297,408 33,933 11%
52,027 8,970 17%
45,744 2,893 6%","26,990 2,270 8%
20,387 2,581 13%
66,716 4,210 6%
14,642 1,531 10%
9,880 337 3%","27,194 2,066 8%
11,800 1,773 15%
73,216 3,642 5%
7,640 761 10%
415 15 4%","1,330 338 25%
5,201 1,626 31%
11,448 2,174 19%
4,980 1,320 27%
5,938 590 10%","67,092 6,637 10%
33,892 5,494 16%
190,322 13,882 7%
19,878 2,454 12%
11,897 1,058 9%"
,"1,362 75 6%
11,642 641 6%
96,410 7,391 8%
109,575 15,225 14%
102,032 4,466 4%","169 4 2%
2,718 80 3%
20,474 1,116 5%
27,356 2,184 8%
26,191 639 2%","1 6 2 13%
121 3 3%
5,849 318 5%
10,567 815 8%
2,588 78 3%","7 7 9 12%
1,815 192 11%
2,200 515 23%
7,231 1,388 19%
3,357 545 16%","9 9 17 17%
1,868 218 12%
30,403 5,953 20%
43,520 5,007 12%
24,589 1,638 7%"
,"18,471 827 4%
10,286 361 4%
3,567 148 4%
81,567 4,200 5%
26,068 752 3%","4,303 78 2%
2,349 43 2%
690 25 4%
21,086 696 3%
2,953 55 2%","328 17 5%
6 8 2 4%
4 - 0%
419 10 3%
199 7 3%","764 99 13%
2,662 210 8%
719 70 10%
3,672 496 14%
2,548 235 9%","4,216 538 13%
2,368 150 6%
383 41 11%
14,330 812 6%
2,117 236 11%"
,"153,951 38,835 25%
39,244 3,171 8%
17,062 691 4%","31,067 4,848 16%
8,721 466 5%
3,231 60 2%","31,481 5,765 18%
1,711 82 5%
128 4 3%","7,907 2,427 31%
1,486 291 20%
1,652 160 10%","60,732 8,591 14%
20,670 2,148 10%
3,619 1,160 32%"
